mapchecks,steps,reward,belief
0,18,43.02943725152285,0
3,31,28.37258300203047,3.0
5,32,28.201010126776666,2.0
4,28,32.61522368914976,2.0
2,29,29.958369439657375,2.5
1,22,38.61522368914976,2.0
1,25,34.786796564403566,2.0
4,30,30.201010126776662,2.5
1,25,34.786796564403566,2.0
2,26,35.02943725152285,3.5
