mapchecks,steps,reward
0,18,43.02943725152285
3,34,25.372583002030474
3,30,30.615223689149758
4,27,34.02943725152285
1,26,33.37258300203047
1,22,38.61522368914976
1,24,36.201010126776666
3,30,30.201010126776662
1,23,37.61522368914976
2,29,31.615223689149758
3,30,30.201010126776666
2,24,36.61522368914976
3,30,31.029437251522854
6,41,18.786796564403577
1,23,37.61522368914976
0,20,40.61522368914976
6,37,23.61522368914976
0,19,42.02943725152285
3,30,31.029437251522854
1,22,39.02943725152285
6,39,21.61522368914976
2,32,26.958369439657375
2,28,32.61522368914976
2,28,33.02943725152285
4,31,29.615223689149758
5,42,17.78679656440357
0,20,40.61522368914976
1,25,35.61522368914976
1,28,31.37258300203047
1,25,35.201010126776666
4,36,23.78679656440357
0,23,37.201010126776666
0,21,39.61522368914976
0,22,38.61522368914976
1,25,35.201010126776666
2,28,31.786796564403566
2,32,27.786796564403566
0,21,40.02943725152285
5,34,26.615223689149758
2,27,33.61522368914976
1,25,35.201010126776666
0,21,39.61522368914976
5,37,22.372583002030474
1,23,37.61522368914976
2,27,33.61522368914976
2,23,38.02943725152285
2,27,33.61522368914976
4,33,26.786796564403566
1,21,40.02943725152285
7,39,22.029437251522857
2,28,31.786796564403566
3,28,33.02943725152285
0,21,40.02943725152285
1,24,36.61522368914976
0,22,38.61522368914976
0,22,37.786796564403566
1,25,35.201010126776666
3,31,29.615223689149758
1,25,35.61522368914976
2,26,34.61522368914976
1,24,35.786796564403566
1,25,35.61522368914976
1,26,35.02943725152285
1,24,37.02943725152285
0,23,37.61522368914976
1,22,38.61522368914976
2,23,38.02943725152285
0,19,42.02943725152285
2,26,35.02943725152285
0,25,34.786796564403566
1,29,30.37258300203047
1,22,39.02943725152285
4,36,22.544155877284286
1,27,32.37258300203047
0,23,36.786796564403566
1,24,36.201010126776666
2,25,35.61522368914976
1,25,35.61522368914976
2,27,33.61522368914976
0,18,43.02943725152285
2,26,34.61522368914976
4,33,27.61522368914976
1,25,35.201010126776666
0,21,39.61522368914976
1,23,38.02943725152285
4,32,28.201010126776662
1,24,36.61522368914976
1,24,36.61522368914976
4,32,29.029437251522854
1,23,37.201010126776666
1,27,33.201010126776666
6,43,16.786796564403573
1,24,36.201010126776666
6,40,19.78679656440357
3,29,31.615223689149758
2,30,29.786796564403566
0,21,39.201010126776666
3,30,31.029437251522854
0,19,41.61522368914976
0,21,40.02943725152285
